Model,RMSE,MAE,R² Score,CV RMSE Mean,CV RMSE Std
Neural Network,28.907744019630748,17.469684060294533,0.1932110374190451,31.249167963911145,4.563333330063505
Extra Trees,29.070709780378387,17.151226913566468,0.1840889433820102,30.84747630383449,4.648815179735491
Kernel Ridge,30.576157721272075,17.63668493004764,0.09739576410314776,31.583898080589996,4.685285806756756
Gradient Boosting,30.67077201973102,17.0808860525225,0.09180111769251909,30.60095622966054,4.056624731902055
